{
    "regression_model_7.h5": [
        [
            8.311111111111112,
            1.7468303726275016
        ],
        [
            0.5313385826771653,
            0.17955459612835617
        ],
        [
            0.2683639545056868,
            0.19659979421574741
        ],
        [
            2.5321522309711284,
            1.355324197143589
        ],
        [
            0.08693263342082239,
            0.04724665655215518
        ],
        [
            15.615485564304462,
            10.246001115067605
        ],
        [
            45.91469816272966,
            32.76778677994138
        ],
        [
            0.9967304111986001,
            0.001924224834379527
        ],
        [
            3.3110148731408575,
            0.15659551281704315
        ],
        [
            0.6577077865266842,
            0.1703241580362606
        ],
        [
            10.442111402741325,
            1.0817221048833654
        ]
    ],
    "classification_model_70.h5": [
        [
            8.311111111111112,
            1.7468303726275016
        ],
        [
            0.5313385826771653,
            0.17955459612835617
        ],
        [
            0.2683639545056868,
            0.19659979421574741
        ],
        [
            2.5321522309711284,
            1.355324197143589
        ],
        [
            0.08693263342082239,
            0.04724665655215518
        ],
        [
            15.615485564304462,
            10.246001115067605
        ],
        [
            45.91469816272966,
            32.76778677994138
        ],
        [
            0.9967304111986001,
            0.001924224834379527
        ],
        [
            3.3110148731408575,
            0.15659551281704315
        ],
        [
            0.6577077865266842,
            0.1703241580362606
        ],
        [
            10.442111402741325,
            1.0817221048833654
        ]
    ]
}